RMSE,MAE,Best_params,Best_score
8.198405266858195,5.815163320207296,"{'alpha': 1.3e-08, 'gamma': 5e-08}",0.9710480653204524
